{
  "version": "3.68.28773.0",
  "course_id": "6olh27O7lSn",
  "title": "Articulate ADR Warehouse",
  "thumbnail": "story_content/thumbnail.jpg",
  "scenes": [
    {
      "title": "Untitled Scene"
    }
  ],
  "slides": [
    {
      "id": "627Vdi2v2yv",
      "title": "Untitled Slide",
      "scene_index": "1.1"
    },
    {
      "id": "5VfY46Uz8Hl",
      "title": "Untitled Slide",
      "scene_index": "1.2"
    },
    {
      "id": "5tVCz7vylP8",
      "title": "Untitled Slide",
      "scene_index": "1.3"
    },
    {
      "id": "6bA1NxdNNm3",
      "title": "Untitled Slide",
      "scene_index": "1.4"
    },
    {
      "id": "68vz70wBYd4",
      "title": "Untitled Slide",
      "scene_index": "1.5"
    },
    {
      "id": "68orqVRcY8e",
      "title": "Untitled Slide",
      "scene_index": "1.6"
    }
  ],
  "player": {
    "name": "unified",
    "width": 1200,
    "height": 829
  },
  "stage": {
    "width": 940,
    "height": 711
  }
}